<Component Model='CDPComponent' Name='IO' src='Components/IO.xml' Description="CDPComponent is an instance of a CDP component model, instantiated using the specification in the component configuration xml file. Components communicate by exchanging Messages, Signal- and Property-values, both inside applications and between applications.">
  <SchedulingOrder>TopDown</SchedulingOrder>
  <SchedulingGroup>Default</SchedulingGroup>
  <fs>100</fs>
  <Status>0</Status>

  <Signals>
    <Signal Description="Process run time each s." Input="0" Model="CDPSignal&lt;double&gt;" Name="Process Timer" Type="double" Unit="s/s"></Signal>
    <Signal Description="Process interval [s]." Input="0" Model="CDPSignal&lt;double&gt;" Name="Process Period" Type="double" Unit="s"></Signal>
  </Signals>

  <Alarms>
    <Alarm Description="A component was suspended!" Name="Component Suspended" Text="Component was suspended!"></Alarm>
  </Alarms>

  <Ports>
    <Port Input="1" Model="CDPPort" Name="LEDs" Routing="..PortMUX.LEDs">

      <Connections>
        <Connection Input="1" Model="PushConnection" Name="LED1" LocalName="..GPIOServer.LED1"></Connection>
        <Connection Input="1" Model="PushConnection" Name="LED2" LocalName="..GPIOServer.LED2"></Connection>
        <Connection Input="1" Model="PushConnection" Name="LED3" LocalName="..GPIOServer.LED3"></Connection>
      </Connections></Port>
  </Ports>

  <Subcomponents>
    <Subcomponent Model="GPIOPinIO.GPIOServer" Name="GPIOServer" src="Components/IO/GPIOServer.xml"></Subcomponent>
  </Subcomponents>
</Component>