<Component Model='PortMUX' Name='PortMUX' src='Components/PortMUX.xml' Description="Port Multiplexer component where Index=0 selects the first port and connects it to Out port.">
  <SchedulingOrder>TopDown</SchedulingOrder>
  <SchedulingGroup>Default</SchedulingGroup>
  <fs>100</fs>
  <Status>0</Status>

  <Signals>
    <Signal Description="Process run time each s." Input="0" Model="CDPSignal&lt;double&gt;" Name="Process Timer" Type="double" Unit="s/s"></Signal>
    <Signal Description="Process interval [s]." Input="0" Model="CDPSignal&lt;double&gt;" Name="Process Period" Type="double" Unit="s"></Signal>
    <Signal Input="1" Model="CDPSignal&lt;unsigned short&gt;" Name="Index" Type="unsigned short"></Signal>
  </Signals>

  <Alarms>
    <Alarm Description="A component was suspended!" Name="Component Suspended" Text="Component was suspended!"></Alarm>
  </Alarms>

  <Ports>
    <Port Input="1" Model="RPiDemoLib.LEDPort" Name="Off">

      <Connections>
        <Connection Input="1" LocalName=".LED1" Model="CDPPortConnection" Name="MapLED1"></Connection>
        <Connection Input="1" LocalName=".LED2" Model="CDPPortConnection" Name="MapLED2"></Connection>
        <Connection Input="1" LocalName=".LED3" Model="CDPPortConnection" Name="MapLED3"></Connection>
      </Connections></Port>
    <Port Input="1" Model="CDPPort" Name="Random" Routing="..LEDRandBlinker.LEDRand"></Port>
    <Port Input="1" Model="CDPPort" Name="Scan" Routing="..LEDScanBlinker.LEDScan"></Port>
    <Port Input="1" Model="CDPPort" Name="Sine" Routing="..LEDSineBlinker.LEDSine"></Port>
    <Port Input="0" Model="RPiDemoLib.LEDPort" Name="LEDs">

      <Connections>
        <Connection Input="1" LocalName=".LED1" Model="CDPPortConnection" Name="MapLED1"></Connection>
        <Connection Input="1" LocalName=".LED2" Model="CDPPortConnection" Name="MapLED2"></Connection>
        <Connection Input="1" LocalName=".LED3" Model="CDPPortConnection" Name="MapLED3"></Connection>
      </Connections></Port>
  </Ports>
</Component>