<Component Model='GPIOPinIO.GPIOServer' Name='GPIOServer' src='Components/IO/GPIOServer.xml' Description="Implementation of GPIOServer to read/write IO pins via signals">
  <SchedulingOrder>TopDown</SchedulingOrder>
  <SchedulingGroup>Default</SchedulingGroup>
  <Priority>high</Priority>
  <fs>100</fs>
  <Status>0</Status>

  <Signals>
    <Signal Description="Process run time each s." Input="0" Model="CDPSignal&lt;double&gt;" Name="Process Timer" Type="double" Unit="s/s"></Signal>
    <Signal Description="Process interval [s]." Input="0" Model="CDPSignal&lt;double&gt;" Name="Process Period" Type="double" Unit="s"></Signal>
    <Signal Description="If implemented by spesific IOServer the signal can be set true to disable output." Input="1" Model="CDPSignal&lt;bool&gt;" Name="OutputDisable" Type="bool"></Signal>
    <Signal Description="The time needed to perform one send and receive." Input="0" Model="CDPSignal&lt;double&gt;" Name="Send-Receive Roundtrip time" Type="double" Unit="s"></Signal>
    <Signal Description="Number of items working in ioserver." Input="0" Model="CDPSignal&lt;unsigned int&gt;" Name="NumberOfNodesOnline" Type="unsigned int" Unit="count"></Signal>
    <Signal Description="Number of items total in ioserver." Input="0" Model="CDPSignal&lt;unsigned int&gt;" Name="NumberOfNodes" Type="unsigned int" Unit="count"></Signal>
  </Signals>

  <Alarms>
    <Alarm Description="A component was suspended!" Name="Component Suspended" Text="Component was suspended!"></Alarm>
    <Alarm Description="Transmission-error alarm" Name="Transmission Error" Text="IOServer transmission-error alarm"></Alarm>
  </Alarms>

  <Parameters>
    <Parameter Description="Delay before setting Transmission Error alarm." Name="SignalTimeout" PreviousValue="1" TimeLastChanged="0" Unit="s" Value="1"></Parameter>
  </Parameters>

  <Timers>
    <Timer Description="Timer used to delay setting Transmission Error alarm. Timeout-delay is configured in Parameter SignalTimeout." Model="CDPParameterTimer" Name="SignalTimeoutTimer"></Timer>
  </Timers>

  <GPIOPins>
    <GPIOPin Input="1" Model="GPIOPinIO.GPIOPin" Name="LED1" Nr="14" Type="bool" Value="0"></GPIOPin>
    <GPIOPin Input="1" Model="GPIOPinIO.GPIOPin" Name="LED2" Nr="15" Type="bool" Value="0"></GPIOPin>
    <GPIOPin Input="1" Model="GPIOPinIO.GPIOPin" Name="LED3" Nr="18" Type="bool" Value="0"></GPIOPin>
  </GPIOPins>
</Component>