<?xml version="1.0" encoding="utf-8"?>

<Component Name="EthernetManager" Model="EthernetManager" Description='Monitors Ethernet traffic on all network sockets.' Activate="1">
  <fs>10</fs>

  <Alarms>
    <Alarm Name="Component Suspended"             Level="Warning" Model="CDPAlarm" Enabled="1" Text="Component &apos;EthernetManager&apos; was suspended!" Description="A component was suspended!"></Alarm>
    <Alarm Name="EthInterfaceTakenDownTrafficJam" Level="Error"   Model="CDPAlarm" Enabled="1" Text="Ethernet interface has been taken down because of too large traffic (over limit), interface index=N" Description="Ethernet interface has been taken down because receiving more than the limit specified in LimitTrafficJamReceive_kB_sec. Text will be updated to contain interface index (0 or 1)."></Alarm>
    <Alarm Name="EthLinkDown_ETH0"                Level="Error"   Model="CDPAlarm" Enabled="1" Text="ETH0 link is down (or error occurred)." Description="ETH0 link is down (or error occurred)."></Alarm>
    <Alarm Name="EthLinkDown_ETH1"                Level="Error"   Model="CDPAlarm" Enabled="1" Text="ETH1 link is down (or error occurred)." Description="ETH1 link is down (or error occurred)."></Alarm>
  </Alarms>

  <Parameters>
    <Parameter Name="TCPmaxTransferUnitBody"    	  Value="4096" Unit="bytes" Model="CDPParameter" Description="Decides how TCP packets are sent (splitting into smaller packets or not). 0:Default value of 4096 will be used. TCP packets larger than this limit, will be split. Negative value:There will be no splitting in smaller TCP packets. Positive value: This value will be used (will minimum become size CDP_TCP_MIN_TRANSFER_UNIT_BODY). TCP packets larger than this limit, will be split."></Parameter>
    <Parameter Name="EthLinkSurveillanceInterv" 	  Value="100"  Unit="ms"    Model="CDPParameter" Description="Interval for how often to check link-status on the networkinterfaces specified in Application.xml."></Parameter>
    <Parameter Name="LimitTrafficJamReceive_kB_sec"   Value="7000" Unit="kB/s"  Model="CDPParameter" Description="Limit for ethernet traffic jam in kB/s (only testing received traffic and if DualEth is enabled). Ethernet interface will be taken down if receiving more than this limit, and EthInterfaceTakenDownTrafficJam-alarm will be Set. Test will not be performed if this limit is 0.0."></Parameter>
    <Parameter Name="StatisticsSignalsUpdateInterval" Value="1"    Unit="s"     Model="CDPParameter" Description="Interval which decides how often (but not faster than ts) the statistics signals are updated."></Parameter>
  </Parameters>

  <Signals>
    <Signal Name="Process Timer"   Value="0" Unit="s/s"  Type="double" Input="0" Model="CDPSignal&lt;double&gt;" Description="Process run time each s."></Signal>
    <Signal Name="Process Period"  Value="0" Unit="s"    Type="double" Input="0" Model="CDPSignal&lt;double&gt;" Description="Process interval [s]."></Signal>
	
    <Signal Name="EthLinkValue_ETH0"                     Type="int"    Input="0" Model="CDPSignal&lt;int&gt;"    Description="0:Not updated or routing not up yet, &gt;=1:Link established (OK, link up), -1:No link established (ERROR, link down), &lt;=-2:Error or function not supported (ERROR)."></Signal>
    <Signal Name="UdpUnicastReceived_ETH0"   Unit="kB/s" Type="double" Input="0" Model="CDPSignal&lt;double&gt;" Description="Amount (kiloBytes) of udp unicast received on this interface last sec."></Signal>
    <Signal Name="UdpBroadcastReceived_ETH0" Unit="kB/s" Type="double" Input="0" Model="CDPSignal&lt;double&gt;" Description="Amount (kiloBytes) of udp broadcast received on this interface last sec."></Signal>
    <Signal Name="TcpReceived_ETH0"          Unit="kB/s" Type="double" Input="0" Model="CDPSignal&lt;double&gt;" Description="Amount (kiloBytes) of tcp received on this interface last sec."></Signal>
    <Signal Name="TotalReceived_ETH0"        Unit="kB/s" Type="double" Input="0" Model="CDPSignal&lt;double&gt;" Description="Total amount (kiloBytes) of udp and tcp received on this interface last sec."></Signal>
    <Signal Name="UdpUnicastSent_ETH0"       Unit="kB/s" Type="double" Input="0" Model="CDPSignal&lt;double&gt;" Description="Amount (kiloBytes) of udp unicast sent on this interface last sec."></Signal>
    <Signal Name="UdpBroadcastSent_ETH0"     Unit="kB/s" Type="double" Input="0" Model="CDPSignal&lt;double&gt;" Description="Amount (kiloBytes) of udp broadcast sent on this interface last sec."></Signal>
    <Signal Name="TcpSent_ETH0"              Unit="kB/s" Type="double" Input="0" Model="CDPSignal&lt;double&gt;" Description="Amount (kiloBytes) of tcp sent on this interface last sec."></Signal>
    <Signal Name="TotalSent_ETH0"            Unit="kB/s" Type="double" Input="0" Model="CDPSignal&lt;double&gt;" Description="Total amount (kiloBytes) of udp and tcp sent on this interface last sec."></Signal>
	
    <Signal Name="EthLinkValue_ETH1"                     Type="int"    Input="0" Model="CDPSignal&lt;int&gt;"    Description="0:Not updated or routing not up yet, &gt;=1:Link established (OK, link up), -1:No link established (ERROR, link down), &lt;=-2:Error or function not supported (ERROR)."></Signal>
    <Signal Name="UdpUnicastReceived_ETH1"   Unit="kB/s" Type="double" Input="0" Model="CDPSignal&lt;double&gt;" Description="Amount (kiloBytes) of udp unicast received on this interface last sec."></Signal>
    <Signal Name="UdpBroadcastReceived_ETH1" Unit="kB/s" Type="double" Input="0" Model="CDPSignal&lt;double&gt;" Description="Amount (kiloBytes) of udp broadcast received on this interface last sec."></Signal>
    <Signal Name="TcpReceived_ETH1"          Unit="kB/s" Type="double" Input="0" Model="CDPSignal&lt;double&gt;" Description="Amount (kiloBytes) of tcp received on this interface last sec."></Signal>
    <Signal Name="TotalReceived_ETH1"        Unit="kB/s" Type="double" Input="0" Model="CDPSignal&lt;double&gt;" Description="Total amount (kiloBytes) of udp and tcp received on this interface last sec."></Signal>
    <Signal Name="UdpUnicastSent_ETH1"       Unit="kB/s" Type="double" Input="0" Model="CDPSignal&lt;double&gt;" Description="Amount (kiloBytes) of udp unicast sent on this interface last sec."></Signal>
    <Signal Name="UdpBroadcastSent_ETH1"     Unit="kB/s" Type="double" Input="0" Model="CDPSignal&lt;double&gt;" Description="Amount (kiloBytes) of udp broadcast sent on this interface last sec."></Signal>
    <Signal Name="TcpSent_ETH1"              Unit="kB/s" Type="double" Input="0" Model="CDPSignal&lt;double&gt;" Description="Amount (kiloBytes) of tcp sent on this interface last sec."></Signal>
    <Signal Name="TotalSent_ETH1"            Unit="kB/s" Type="double" Input="0" Model="CDPSignal&lt;double&gt;" Description="Total amount (kiloBytes) of udp and tcp sent on this interface last sec."></Signal>
  </Signals>

  <Timers>
    <Timer Name="StatisticsSignalsUpdateIntervalTimer" Model="CDPParameterTimer" Description="Timer used to update statistics signals. Timeout-delay is configured in Parameter StatisticsSignalsUpdateInterval."></Timer>
  </Timers>

</Component>
